Time Stamp,FPS,CPU USAGE,MEMORY USAGE
0,60,30%,50%
1,60,35%,52%
2,53,38%,56%
3,50.66666667,42%,59%
4,47.16666667,46%,62%
5,43.66666667,50%,65%
6,40.16666667,54%,68%
7,36.66666667,58%,71%
8,33.16666667,62%,74%
9,29.66666667,66%,77%
10,26.16666667,70%,80%
